market,symbol,type,description,quote_currency,contract_multiplier,minimum_price_variation,lot_size,market_ticker

#
# Use # signs for comments
#

fxcm,AU200AUD,cfd,S&P/ASX index of Australian listed shares,USD,0.1,0.1,1
fxcm,DE10YBEUR,cfd,Euro-Bund,EUR,10,0.001,1
fxcm,XCUUSD,cfd,Copper,USD,100,0.0001,1
fxcm,ES35EUR,cfd,IBEX 35 index of Spanish listed shares,EUR,0.1,0.1,1
fxcm,EU50EUR,cfd,Euro Stoxx 50 index of European listed shares,EUR,0.1,0.1,1
fxcm,FR40EUR,cfd,CAC 40 index of French listed shares,EUR,0.1,0.1,1
fxcm,DE30EUR,cfd,DAX index of German listed shares,EUR,0.1,0.1,1
fxcm,HK33HKD,cfd,Hang Seng index of Hong Kong listed shares,HKD,1,0.1,1
fxcm,IT40EUR,cfd,FTSE MIB index of Italian listed shares,EUR,0.1,0.1,1
fxcm,JP225JPY,cfd,Nikkei 225 index of Japanese listed shares,JPY,1,0.1,10
fxcm,NAS100USD,cfd,TECH 100 index of US listed shares,USD,0.1,0.1,1
fxcm,NATGASUSD,cfd,Natural Gas (Henry Hub),USD,100,0.0001,1
fxcm,SPX500USD,cfd,S&P 500 index of US listed shares,USD,1,0.01,1
fxcm,CH20CHF,cfd,Swiss Market Index of Swiss listed shares,CHF,0.1,0.1,1
fxcm,UK100GBP,cfd,FTSE 100 index of UK listed shares,GBP,0.1,0.1,1
fxcm,BCOUSD,cfd,Crude Oil (Brent),USD,10,0.001,1
fxcm,US30USD,cfd,Index of top 30 shares on Wall Street,USD,0.1,0.1,1
fxcm,DXYUSD,cfd,Dow Jones FXCM Dollar Index Basket,USD,1,0.1,1
fxcm,WTICOUSD,cfd,Crude Oil (WTI),USD,10,0.001,1
fxcm,XAGUSD,cfd,Silver,USD,1,0.001,50
fxcm,XAUUSD,cfd,Gold,USD,1,0.001,1
fxcm,XPDUSD,cfd,Palladium,USD,1,0.01,1
fxcm,XPTUSD,cfd,Platinum,USD,1,0.01,1

oanda,AU200AUD,cfd,Australia 200,AUD,1,0.1,1
oanda,BCOUSD,cfd,Brent Crude Oil,USD,1,0.001,1
oanda,CH20CHF,cfd,Swiss 20,CHF,1,0.1,1
oanda,CORNUSD,cfd,Corn,USD,1,0.001,1
oanda,DE10YBEUR,cfd,Bund,EUR,1,0.001,1
oanda,DE30EUR,cfd,Germany 30,EUR,1,0.1,1
oanda,EU50EUR,cfd,Europe 50,EUR,1,0.1,1
oanda,FR40EUR,cfd,France 40,EUR,1,0.1,1
oanda,HK33HKD,cfd,Hong Kong 33,HKD,1,0.1,1
oanda,JP225USD,cfd,Japan 225,USD,1,0.1,1
oanda,NAS100USD,cfd,US Nas 100,USD,1,0.1,1
oanda,NATGASUSD,cfd,Natural Gas,USD,1,0.001,1
oanda,NL25EUR,cfd,Netherlands 25,EUR,1,0.001,1
oanda,SG30SGD,cfd,Singapore 30,SGD,1,0.01,1
oanda,SOYBNUSD,cfd,Soybeans,USD,1,0.001,1
oanda,SPX500USD,cfd,US SPX 500,USD,1,0.1,1
oanda,SUGARUSD,cfd,Sugar,USD,1,0.00001,1
oanda,UK100GBP,cfd,UK 100,GBP,1,0.1,1
oanda,UK10YBGBP,cfd,UK 10Y Gilt,GBP,1,0.001,1
oanda,US2000USD,cfd,US Russ 2000,USD,1,0.001,1
oanda,US30USD,cfd,US Wall St 30,USD,1,0.1,1
oanda,USB02YUSD,cfd,US 2Y T-Note,USD,1,0.001,1
oanda,USB05YUSD,cfd,US 5Y T-Note,USD,1,0.001,1
oanda,USB10YUSD,cfd,US 10Y T-Note,USD,1,0.001,1
oanda,USB30YUSD,cfd,US T-Bond,USD,1,0.001,1
oanda,WHEATUSD,cfd,Wheat,USD,1,0.001,1
oanda,WTICOUSD,cfd,West Texas Oil,USD,1,0.001,1
oanda,XAGAUD,cfd,Silver/AUD,AUD,1,0.00001,1
oanda,XAGCAD,cfd,Silver/CAD,CAD,1,0.00001,1
oanda,XAGCHF,cfd,Silver/CHF,CHF,1,0.00001,1
oanda,XAGEUR,cfd,Silver/EUR,EUR,1,0.00001,1
oanda,XAGGBP,cfd,Silver/GBP,GBP,1,0.00001,1
oanda,XAGHKD,cfd,Silver/HKD,HKD,1,0.00001,1
oanda,XAGJPY,cfd,Silver/JPY,JPY,1,0.1,1
oanda,XAGNZD,cfd,Silver/NZD,NZD,1,0.00001,1
oanda,XAGSGD,cfd,Silver/SGD,SGD,1,0.00001,1
oanda,XAGUSD,cfd,Silver,USD,1,0.00001,1
oanda,XAUAUD,cfd,Gold/AUD,AUD,1,0.001,1
oanda,XAUCAD,cfd,Gold/CAD,CAD,1,0.001,1
oanda,XAUCHF,cfd,Gold/CHF,CHF,1,0.001,1
oanda,XAUEUR,cfd,Gold/EUR,EUR,1,0.001,1
oanda,XAUGBP,cfd,Gold/GBP,GBP,1,0.001,1
oanda,XAUHKD,cfd,Gold/HKD,HKD,1,0.001,1
oanda,XAUJPY,cfd,Gold/JPY,JPY,1,1,1
oanda,XAUNZD,cfd,Gold/NZD,NZD,1,0.001,1
oanda,XAUSGD,cfd,Gold/SGD,SGD,1,0.001,1
oanda,XAUUSD,cfd,Gold,USD,1,0.001,1
oanda,XAUXAG,cfd,Gold/Silver,XAG,1,0.001,1
oanda,XCUUSD,cfd,Copper,USD,1,0.00001,1
oanda,XPDUSD,cfd,Palladium,USD,1,0.001,1
oanda,XPTUSD,cfd,Platinum,USD,1,0.001,1

usa,[*],option,,USD,100,0.01,1

usa,[*],equity,,USD,1,0.01,1

# for backwards compatibility, order here is important for futures, since we could have the same symbol for more than 1 market in which case Lean will use the first
cboe,VX,future,VIX futures ,USD,1000.0,0.05,1.0
cbot,AW,future,Bloomberg Commodity Index Futures,USD,100.0,0.1,1.0
cbot,BCF,future,Black Sea Corn Financially Settled (Platts) Futures,USD,50.0,0.25,1.0
cbot,BWF,future,Black Sea Wheat Financially Settled (Platts) Futures,USD,50.0,0.25,1.0
cbot,EH,future,Ethanol Futures,USD,29000.0,0.001,1.0
cbot,F1U,future,5-Year USD MAC Swap Futures,USD,1000.0,0.0078125,1.0
cbot,KE,future,KC HRW Wheat Futures,USD,50.0,0.0025,1.0
cbot,TN,future,Ultra 10-Year U.S. Treasury Note Futures,USD,1000.0,0.015625,1.0
cbot,UB,future,Ultra U.S. Treasury Bond Futures,USD,1000.0,0.03125,1.0
cbot,YM,future,E-mini Dow ($5) Futures,USD,5.0,1.0,1.0
cbot,ZB,future,U.S. Treasury Bond Futures,USD,1000.0,0.03125,1.0
cbot,ZC,future,Corn Futures,USD,50.0,0.25,1.0
cbot,ZF,future,5-Year T-Note Futures,USD,1000.0,0.0078125,1.0
cbot,ZL,future,Soybean Oil Futures,USD,600.0,0.01,1.0
cbot,ZM,future,Soybean Meal Futures,USD,100.0,0.1,1.0
cbot,ZN,future,10-Year T-Note Futures,USD,1000.0,0.015625,1.0
cbot,ZO,future,Oats Futures,USD,50.0,0.25,1.0
cbot,ZS,future,Soybean Futures,USD,50.0,0.25,1.0
cbot,ZT,future,2-Year T-Note Futures,USD,2000.0,0.00390625,1.0
cbot,ZW,future,Chicago SRW Wheat Futures,USD,50.0,0.25,1.0
cme,6A,future,Australian Dollar Futures,USD,100000.0,0.0001,1.0
cme,6B,future,British Pound Futures,USD,62500.0,0.0001,1.0
cme,6C,future,Canadian Dollar Futures,USD,100000.0,5e-05,1.0
cme,6E,future,Euro FX Futures,USD,125000.0,5e-05,1.0
cme,6J,future,Japanese Yen Futures,USD,12500000.0,5e-07,1.0
cme,6L,future,Brazilian Real Futures,USD,100000.0,5e-05,1.0
cme,6M,future,Mexican Peso Futures,USD,500000.0,1e-05,1.0
cme,6N,future,New Zealand Dollar Futures,USD,100000.0,0.0001,1.0
cme,6R,future,Russian Ruble Futures,USD,2500000.0,5e-06,1.0
cme,6S,future,Swiss Franc Futures,USD,125000.0,0.0001,1.0
cme,6Z,future,South African Rand Futures,USD,500000.0,2.5e-05,1.0
cme,ACD,future,Australian Dollar/Canadian Dollar Futures,CAD,200000.0,0.0001,1.0
cme,AJY,future,Australian Dollar/Japanese Yen Futures,JPY,200000.0,0.01,1.0
cme,ANE,future,Australian Dollar/New Zealand Dollar Futures,NZD,200000.0,0.0001,1.0
cme,BIO,future,E-mini Nasdaq-100 Biotechnology Index Futures,USD,50.0,0.1,1.0
cme,BTC,future,Bitcoin Futures,USD,5.0,5.0,1.0
cme,CB,future,Cash-settled Butter Futures,USD,20000.0,0.00025,1.0
cme,CJY,future,Canadian Dollar/Japanese Yen Futures,JPY,200000.0,0.01,1.0
cme,CNH,future,Standard-Size USD/Offshore RMB (CNH) Futures,CNY,100000.0,0.0001,1.0
cme,CSC,future,Cash-Settled Cheese Futures,USD,20000.0,0.001,1.0
cme,DC,future,Class III Milk Futures,USD,200000.0,0.0001,1.0
cme,DY,future,Dry Whey Futures,USD,44000.0,0.00025,1.0
cme,E7,future,E-mini Euro FX Futures,USD,62500.0,0.0001,1.0
cme,EAD,future,Euro/Australian Dollar Futures,AUD,125000.0,0.0001,1.0
cme,ECD,future,Euro/Canadian Dollar Futures,CAD,125000.0,0.0001,1.0
cme,EI,future,E-mini FTSE Emerging Index Futures,USD,100.0,0.1,1.0
cme,EMD,future,E-mini S&P MidCap 400 Futures,USD,100.0,0.1,1.0
cme,ES,future,E-mini S&P 500 Futures,USD,50.0,0.25,1.0
cme,ESK,future,Euro/Swedish Krona Futures,SEK,125000.0,0.0005,1.0
cme,GD,future,S&P-GSCI Commodity Index Futures,USD,250.0,0.05,1.0
cme,GDK,future,Class IV Milk Futures,USD,200000.0,0.0001,1.0
cme,GE,future,Eurodollar Futures,USD,2500.0,0.0025,1.0
cme,GF,future,Feeder Cattle Futures,USD,500.0,0.025,1.0
cme,GNF,future,Nonfat Dry Milk Futures,USD,44000.0,0.00025,1.0
cme,HE,future,Lean Hog Futures,USD,400.0,0.025,1.0
cme,IBV,future,USD-Denominated Ibovespa Index Futures,USD,1.0,5.0,1.0
cme,J7,future,E-mini Japanese Yen Futures,USD,6250000.0,1e-06,1.0
cme,LBS,future,Random Length Lumber Futures,USD,110000.0,0.001,1.0
cme,LE,future,Live Cattle Futures,USD,400.0,0.025,1.0
cme,NKD,future,Nikkei/USD Futures,USD,5.0,5.0,1.0
cme,NQ,future,E-mini Nasdaq-100 Futures,USD,20.0,0.25,1.0
cme,RTY,future,E-mini  Russell 2000 Index Futures,USD,50.0,0.1,1.0
comex,AUP,future,Aluminum MW U.S. Transaction Premium Platts (25MT) Futures,USD,55116.0,1e-05,1.0
comex,EDP,future,Aluminium European Premium Duty-Paid (Metal Bulletin) Futures,USD,25.0,0.01,1.0
comex,GC,future,Gold Futures,USD,100.0,0.1,1.0
comex,HG,future,Copper Futures,USD,25000.0,0.0005,1.0
comex,SI,future,Silver Futures,USD,5000.0,0.005,1.0
ice,B,future,Brent Crude Futures,USD,1000.0,0.01,1.0
ice,CC,future,Cocoa Futures,USD,10.0,1.0,1.0
ice,CT,future,Cotton No. 2 Futures,USD,50000.0,0.0001,1.0
ice,DX,future,US Dollar Index Futures,USD,1000.0,0.005,1.0
ice,G,future,Low Sulfur Gasoil,USD,100.0,0.25,1.0
ice,KC,future,Coffee C Arabica Futures,USD,37500.0,0.0005,1.0
ice,OJ,future,Frozen Concentrated Orange Juice,USD,15000.0,0.0005,1.0
ice,SB,future,Sugar No. 11 Futures,USD,112000,0.0001,1
nymex,1S,future,Propane Non-LDH Mont Belvieu (OPIS) BALMO Futures,USD,42000.0,1e-05,1.0
nymex,22,future,Argus Propane Far East Index BALMO Futures,USD,1000.0,0.001,1.0
nymex,A0D,future,Mini European 3.5% Fuel Oil Barges FOB Rdam (Platts) Futures,USD,100.0,0.001,1.0
nymex,A0F,future,Mini Singapore Fuel Oil 180 cst (Platts) Futures,USD,100.0,0.001,1.0
nymex,A1L,future,Gulf Coast ULSD (Platts) Up-Down BALMO Futures,USD,42000.0,0.0001,1.0
nymex,A1M,future,Gulf Coast Jet (Platts) Up-Down BALMO Futures,USD,42000.0,0.0001,1.0
nymex,A1R,future,Propane Non-LDH Mont Belvieu (OPIS) Futures,USD,42000.0,1e-05,1.0
nymex,A32,future,European Propane CIF ARA (Argus) BALMO Futures,USD,1000.0,0.01,1.0
nymex,A3G,future,Premium Unleaded Gasoline 10 ppm FOB MED (Platts) Futures,USD,1000.0,0.001,1.0
nymex,A7E,future,Argus Propane Far East Index Futures,USD,1000.0,0.001,1.0
nymex,A7I,future,Gasoline Euro-bob Oxy NWE Barges (Argus) Crack Spread BALMO Futures,USD,1000.0,0.001,1.0
nymex,A7Q,future,Mont Belvieu Natural Gasoline (OPIS) Futures,USD,42000.0,1e-05,1.0
nymex,A8J,future,Mont Belvieu Normal Butane (OPIS) BALMO Futures,USD,42000.0,1e-05,1.0
nymex,A8K,future,Conway Propane (OPIS) Futures,USD,42000.0,1e-05,1.0
nymex,A8O,future,Mont Belvieu LDH Propane (OPIS) BALMO Futures,USD,42000.0,1e-05,1.0
nymex,A91,future,Argus Propane Far East Index vs. European Propane CIF ARA (Argus) Futures,USD,1000.0,0.001,1.0
nymex,A9N,future,Argus Propane (Saudi Aramco) Futures,USD,1000.0,0.001,1.0
nymex,AA6,future,Group Three ULSD (Platts) vs. NY Harbor ULSD Futures,USD,42000.0,0.0001,1.0
nymex,AA8,future,Group Three Sub-octane Gasoline (Platts) vs. RBOB Futures,USD,42000.0,0.0001,1.0
nymex,ABS,future,Singapore Fuel Oil 180 cst (Platts) BALMO Futures,USD,1000.0,0.001,1.0
nymex,ABT,future,Singapore Fuel Oil 380 cst (Platts) BALMO Futures,USD,1000.0,0.001,1.0
nymex,AC0,future,Mont Belvieu Ethane (OPIS) Futures,USD,42000.0,1e-05,1.0
nymex,AD0,future,Mont Belvieu Normal Butane (OPIS) Futures,USD,42000.0,1e-05,1.0
nymex,ADB,future,Brent Crude Oil vs. Dubai Crude Oil (Platts) Futures,USD,1000.0,0.001,1.0
nymex,AE5,future,Argus LLS vs. WTI (Argus) Trade Month Futures,USD,1000.0,0.01,1.0
nymex,AGA,future,Singapore Gasoil (Platts) vs. Low Sulphur Gasoil Futures,USD,1000.0,0.001,1.0
nymex,AJL,future,Los Angeles CARBOB Gasoline (OPIS) vs. RBOB Gasoline Futures,USD,42000.0,0.0001,1.0
nymex,AJS,future,Los Angeles Jet (OPIS) vs. NY Harbor ULSD Futures,USD,42000.0,0.0001,1.0
nymex,AKL,future,Los Angeles CARB Diesel (OPIS) vs. NY Harbor ULSD Futures,USD,42000.0,0.0001,1.0
nymex,AKZ,future,European Naphtha (Platts) BALMO Futures,USD,1000.0,0.001,1.0
nymex,APS,future,European Propane CIF ARA (Argus) Futures,USD,1000.0,0.01,1.0
nymex,AR0,future,Mont Belvieu Natural Gasoline (OPIS) BALMO Futures,USD,42000.0,1e-05,1.0
nymex,ARE,future,RBOB Gasoline Crack Spread Futures,USD,1000.0,0.01,1.0
nymex,AVZ,future,Gulf Coast HSFO (Platts) BALMO Futures,USD,1000.0,0.001,1.0
nymex,AYV,future,Mars (Argus) vs. WTI Trade Month Futures,USD,1000.0,0.01,1.0
nymex,AYX,future,Mars (Argus) vs. WTI Financial Futures,USD,1000.0,0.01,1.0
nymex,AZ1,future,Ethanol T2 FOB Rdam Including Duty (Platts) Futures,EUR,100.0,0.001,1.0
nymex,B0,future,Mont Belvieu LDH Propane (OPIS) Futures,USD,42000.0,1e-05,1.0
nymex,B7H,future,Gasoline Euro-bob Oxy NWE Barges (Argus) Futures,USD,1000.0,0.001,1.0
nymex,BK,future,WTI-Brent Financial Futures,USD,1000.0,0.01,1.0
nymex,BOO,future,3.5% Fuel Oil Barges FOB Rdam (Platts) Crack Spread (1000mt) Futures,USD,6350.0,0.001,1.0
nymex,BR7,future,Gasoline Euro-bob Oxy NWE Barges (Argus) BALMO Futures,USD,1000.0,0.001,1.0
nymex,BZ,future,Brent Last Day Financial Futures,USD,1000.0,0.01,1.0
nymex,CL,future,Crude Oil Futures,USD,1000.0,0.01,1.0
nymex,CRB,future,Gulf Coast CBOB Gasoline A2 (Platts) vs. RBOB Gasoline Futures,USD,42000.0,0.0001,1.0
nymex,CSW,future,Clearbrook Bakken Sweet (NE2) Monthly Index Futures,USD,1000.0,0.001,1.0
nymex,CSX,future,WTI Financial Futures,USD,1000.0,0.01,1.0
nymex,CU,future,Chicago Ethanol (Platts) Futures,USD,42000.0,0.0001,1.0
nymex,D1N,future,Singapore Mogas 92 Unleaded (Platts) Brent Crack Spread Futures,USD,1000.0,0.001,1.0
nymex,DCB,future,Dubai Crude Oil (Platts) Financial Futures,USD,1000.0,0.001,1.0
nymex,E6,future,Japan C&F Naphtha (Platts) BALMO Futures,USD,1000.0,0.001,1.0
nymex,EN,future,European Naphtha (Platts) Crack Spread Futures,USD,1000.0,0.001,1.0
nymex,EPN,future,European Propane CIF ARA (Argus) vs. Naphtha Cargoes CIF NWE (Platts) Futures,USD,1000.0,0.001,1.0
nymex,EVC,future,Singapore Fuel Oil 380 cst (Platts) vs. European 3.5% Fuel Oil Barges FOB Rdam (Platts) Futures,USD,1000.0,0.001,1.0
nymex,EWG,future,East-West Gasoline Spread (Platts-Argus) Futures,USD,1000.0,0.001,1.0
nymex,EWN,future,East-West Naphtha: Japan C&F vs. Cargoes CIF NWE Spread (Platts) Futures,USD,1000.0,0.001,1.0
nymex,EXR,future,RBOB Gasoline vs. Euro-bob Oxy NWE Barges (Argus) (350000 gallons) Futures,USD,350000.0,0.0001,1.0
nymex,FO,future,3.5% Fuel Oil Barges FOB Rdam (Platts) Crack Spread Futures,USD,1000.0,0.001,1.0
nymex,FRC,future,Freight Route TC14 (Baltic) Futures,USD,1000.0,0.0001,1.0
nymex,FSS,future,1% Fuel Oil Cargoes FOB NWE (Platts) vs. 3.5% Fuel Oil Barges FOB Rdam (Platts) Futures,USD,1000.0,0.001,1.0
nymex,GCU,future,Gulf Coast HSFO (Platts) vs. European 3.5% Fuel Oil Barges FOB Rdam (Platts) Futures,USD,1000.0,0.001,1.0
nymex,HCL,future,WTI Houston Crude Oil Futures,USD,1000.0,0.01,1.0
nymex,HH,future,Natural Gas (Henry Hub) Last-day Financial Futures,USD,10000.0,0.001,1.0
nymex,HO,future,NY Harbor ULSD Futures,USD,42000.0,0.0001,1.0
nymex,HP,future,Natural Gas (Henry Hub) Penultimate Financial Futures,USD,10000.0,0.001,1.0
nymex,HRC,future,U.S. Midwest Domestic Hot-Rolled Coil Steel (CRU) Index Futures,USD,20.0,1.0,1.0
nymex,HTT,future,WTI Houston (Argus) vs. WTI Trade Month Futures,USD,1000.0,0.01,1.0
nymex,NG,future,Henry Hub Natural Gas Futures,USD,10000.0,0.001,1.0
nymex,PA,future,Palladium Futures,USD,100.0,0.05,1.0
nymex,PL,future,Platinum Futures,USD,50.0,0.1,1.0
nymex,RB,future,RBOB Gasoline Futures,USD,42000.0,0.0001,1.0
nymex,YO,future,No. 11 Sugar Futures,USD,112000.0,0.0001,1.0
sgx,NK,future,SGX Nikkei 225 Index Futures,JPY,500,5,5.0
sgx,TW,future,MSCI Taiwan Index Futures,USD,100,0.1,50.0
sgx,IN,future,Nifty Indices Futures,USD,2,0.5,50.0
hkfe,HSI,future,Hang Seng Index,HKD,50,1,1.0

fxcm,AUDCAD,forex,,CAD,1,0.00001,1000
fxcm,AUDCHF,forex,,CHF,1,0.00001,1000
fxcm,AUDJPY,forex,,JPY,1,0.001,1000
fxcm,AUDNZD,forex,,NZD,1,0.00001,1000
fxcm,AUDUSD,forex,,USD,1,0.00001,1000
fxcm,CADCHF,forex,,CHF,1,0.00001,1000
fxcm,CADJPY,forex,,JPY,1,0.001,1000
fxcm,CHFJPY,forex,,JPY,1,0.001,1000
fxcm,EURAUD,forex,,AUD,1,0.00001,1000
fxcm,EURCAD,forex,,CAD,1,0.00001,1000
fxcm,EURCHF,forex,,CHF,1,0.00001,1000
fxcm,EURGBP,forex,,GBP,1,0.00001,1000
fxcm,EURJPY,forex,,JPY,1,0.001,1000
fxcm,EURNOK,forex,,NOK,1,0.00001,1000
fxcm,EURNZD,forex,,NZD,1,0.00001,1000
fxcm,EURSEK,forex,,SEK,1,0.00001,1000
fxcm,EURTRY,forex,,TRY,1,0.00001,1000
fxcm,EURUSD,forex,,USD,1,0.00001,1000
fxcm,GBPAUD,forex,,AUD,1,0.00001,1000
fxcm,GBPCAD,forex,,CAD,1,0.00001,1000
fxcm,GBPCHF,forex,,CHF,1,0.00001,1000
fxcm,GBPJPY,forex,,JPY,1,0.001,1000
fxcm,GBPNZD,forex,,NZD,1,0.00001,1000
fxcm,GBPUSD,forex,,USD,1,0.00001,1000
fxcm,NZDCAD,forex,,CAD,1,0.00001,1000
fxcm,NZDCHF,forex,,CHF,1,0.00001,1000
fxcm,NZDJPY,forex,,JPY,1,0.001,1000
fxcm,NZDUSD,forex,,USD,1,0.00001,1000
fxcm,TRYJPY,forex,,JPY,1,0.001,1000
fxcm,USDCAD,forex,,CAD,1,0.00001,1000
fxcm,USDCHF,forex,,CHF,1,0.00001,1000
fxcm,USDCNH,forex,,CNH,1,0.00001,1000
fxcm,USDJPY,forex,,JPY,1,0.001,1000
fxcm,USDMXN,forex,,MXN,1,0.00001,1000
fxcm,USDNOK,forex,,NOK,1,0.00001,1000
fxcm,USDSEK,forex,,SEK,1,0.00001,1000
fxcm,USDTRY,forex,,TRY,1,0.00001,1000
fxcm,USDZAR,forex,,ZAR,1,0.00001,1000
fxcm,ZARJPY,forex,,JPY,1,0.001,1000

oanda,AUDCAD,forex,AUD/CAD,CAD,1,0.00001,1
oanda,AUDCHF,forex,AUD/CHF,CHF,1,0.00001,1
oanda,AUDHKD,forex,AUD/HKD,HKD,1,0.00001,1
oanda,AUDJPY,forex,AUD/JPY,JPY,1,0.001,1
oanda,AUDNZD,forex,AUD/NZD,NZD,1,0.00001,1
oanda,AUDSGD,forex,AUD/SGD,SGD,1,0.00001,1
oanda,AUDUSD,forex,AUD/USD,USD,1,0.00001,1
oanda,CADCHF,forex,CAD/CHF,CHF,1,0.00001,1
oanda,CADHKD,forex,CAD/HKD,HKD,1,0.00001,1
oanda,CADJPY,forex,CAD/JPY,JPY,1,0.001,1
oanda,CADSGD,forex,CAD/SGD,SGD,1,0.00001,1
oanda,CHFHKD,forex,CHF/HKD,HKD,1,0.00001,1
oanda,CHFJPY,forex,CHF/JPY,JPY,1,0.001,1
oanda,CHFZAR,forex,CHF/ZAR,ZAR,1,0.00001,1
oanda,EURAUD,forex,EUR/AUD,AUD,1,0.00001,1
oanda,EURCAD,forex,EUR/CAD,CAD,1,0.00001,1
oanda,EURCHF,forex,EUR/CHF,CHF,1,0.00001,1
oanda,EURCZK,forex,EUR/CZK,CZK,1,0.00001,1
oanda,EURDKK,forex,EUR/DKK,DKK,1,0.00001,1
oanda,EURGBP,forex,EUR/GBP,GBP,1,0.00001,1
oanda,EURHKD,forex,EUR/HKD,HKD,1,0.00001,1
oanda,EURHUF,forex,EUR/HUF,HUF,1,0.001,1
oanda,EURJPY,forex,EUR/JPY,JPY,1,0.001,1
oanda,EURNOK,forex,EUR/NOK,NOK,1,0.00001,1
oanda,EURNZD,forex,EUR/NZD,NZD,1,0.00001,1
oanda,EURPLN,forex,EUR/PLN,PLN,1,0.00001,1
oanda,EURSEK,forex,EUR/SEK,SEK,1,0.00001,1
oanda,EURSGD,forex,EUR/SGD,SGD,1,0.00001,1
oanda,EURTRY,forex,EUR/TRY,TRY,1,0.00001,1
oanda,EURUSD,forex,EUR/USD,USD,1,0.00001,1
oanda,EURZAR,forex,EUR/ZAR,ZAR,1,0.00001,1
oanda,GBPAUD,forex,GBP/AUD,AUD,1,0.00001,1
oanda,GBPCAD,forex,GBP/CAD,CAD,1,0.00001,1
oanda,GBPCHF,forex,GBP/CHF,CHF,1,0.00001,1
oanda,GBPHKD,forex,GBP/HKD,HKD,1,0.00001,1
oanda,GBPJPY,forex,GBP/JPY,JPY,1,0.001,1
oanda,GBPNZD,forex,GBP/NZD,NZD,1,0.00001,1
oanda,GBPPLN,forex,GBP/PLN,PLN,1,0.00001,1
oanda,GBPSGD,forex,GBP/SGD,SGD,1,0.00001,1
oanda,GBPUSD,forex,GBP/USD,USD,1,0.00001,1
oanda,GBPZAR,forex,GBP/ZAR,ZAR,1,0.00001,1
oanda,HKDJPY,forex,HKD/JPY,JPY,1,0.00001,1
oanda,NZDCAD,forex,NZD/CAD,CAD,1,0.00001,1
oanda,NZDCHF,forex,NZD/CHF,CHF,1,0.00001,1
oanda,NZDHKD,forex,NZD/HKD,HKD,1,0.00001,1
oanda,NZDJPY,forex,NZD/JPY,JPY,1,0.001,1
oanda,NZDSGD,forex,NZD/SGD,SGD,1,0.00001,1
oanda,NZDUSD,forex,NZD/USD,USD,1,0.00001,1
oanda,SGDCHF,forex,SGD/CHF,CHF,1,0.00001,1
oanda,SGDHKD,forex,SGD/HKD,HKD,1,0.00001,1
oanda,SGDJPY,forex,SGD/JPY,JPY,1,0.001,1
oanda,TRYJPY,forex,TRY/JPY,JPY,1,0.001,1
oanda,USDCAD,forex,USD/CAD,CAD,1,0.00001,1
oanda,USDCHF,forex,USD/CHF,CHF,1,0.00001,1
oanda,USDCNH,forex,USD/CNH,CNH,1,0.00001,1
oanda,USDCZK,forex,USD/CZK,CZK,1,0.00001,1
oanda,USDDKK,forex,USD/DKK,DKK,1,0.00001,1
oanda,USDHKD,forex,USD/HKD,HKD,1,0.00001,1
oanda,USDHUF,forex,USD/HUF,HUF,1,0.001,1
oanda,USDINR,forex,USD/INR,INR,1,0.001,1
oanda,USDJPY,forex,USD/JPY,JPY,1,0.001,1
oanda,USDMXN,forex,USD/MXN,MXN,1,0.00001,1
oanda,USDNOK,forex,USD/NOK,NOK,1,0.00001,1
oanda,USDPLN,forex,USD/PLN,PLN,1,0.00001,1
oanda,USDSAR,forex,USD/SAR,SAR,1,0.00001,1
oanda,USDSEK,forex,USD/SEK,SEK,1,0.00001,1
oanda,USDSGD,forex,USD/SGD,SGD,1,0.00001,1
oanda,USDTHB,forex,USD/THB,THB,1,0.001,1
oanda,USDTRY,forex,USD/TRY,TRY,1,0.00001,1
oanda,USDZAR,forex,USD/ZAR,ZAR,1,0.00001,1
oanda,ZARJPY,forex,ZAR/JPY,JPY,1,0.001,1

gdax,ALGOEUR,crypto,Algorand-Euro,EUR,1,0.0001,1,ALGO-EUR
gdax,ALGOGBP,crypto,Algorand-British Pound,GBP,1,0.0001,1,ALGO-GBP
gdax,ALGOUSD,crypto,Algorand-United States Dollar,USD,1,0.0001,1,ALGO-USD
gdax,ATOMBTC,crypto,Cosmos-Bitcoin,BTC,1,0.000001,0.1,ATOM-BTC
gdax,ATOMUSD,crypto,Cosmos-United States Dollar,USD,1,0.001,0.1,ATOM-USD
gdax,BANDBTC,crypto,Band Protocol-Bitcoin,BTC,1,0.00000001,0.01,BAND-BTC
gdax,BANDEUR,crypto,Band Protocol-Euro,EUR,1,0.0001,0.01,BAND-EUR
gdax,BANDGBP,crypto,Band Protocol-British Pound,GBP,1,0.0001,0.01,BAND-GBP
gdax,BANDUSD,crypto,Band Protocol-United States Dollar,USD,1,0.0001,0.01,BAND-USD
gdax,BATETH,crypto,Basic Attention Token-Ether,ETH,1,0.00000001,1,BAT-ETH
gdax,BATUSDC,crypto,Basic Attention Token-USD Coin,USDC,1,0.000001,1,BAT-USDC
gdax,BCHBTC,crypto,Bitcoin Cash-Bitcoin,BTC,1,0.00001,0.00000001,BCH-BTC
gdax,BCHEUR,crypto,Bitcoin Cash-Euro,EUR,1,0.01,0.00000001,BCH-EUR
gdax,BCHGBP,crypto,Bitcoin Cash-British Pound,GBP,1,0.01,0.00000001,BCH-GBP
gdax,BCHUSD,crypto,Bitcoin Cash-United States Dollar,USD,1,0.01,0.00000001,BCH-USD
gdax,BTCEUR,crypto,Bitcoin-Euro,EUR,1,0.01,0.00000001,BTC-EUR
gdax,BTCGBP,crypto,Bitcoin-British Pound,GBP,1,0.01,0.00000001,BTC-GBP
gdax,BTCUSD,crypto,Bitcoin-United States Dollar,USD,1,0.01,0.00000001,BTC-USD
gdax,BTCUSDC,crypto,Bitcoin-USD Coin,USDC,1,0.01,0.00000001,BTC-USDC
gdax,CGLDBTC,crypto,Celo-Bitcoin,BTC,1,0.00000001,0.01,CGLD-BTC
gdax,CGLDEUR,crypto,Celo-Euro,EUR,1,0.0001,0.01,CGLD-EUR
gdax,CGLDGBP,crypto,Celo-British Pound,GBP,1,0.0001,0.01,CGLD-GBP
gdax,CGLDUSD,crypto,Celo-United States Dollar,USD,1,0.0001,0.01,CGLD-USD
gdax,COMPBTC,crypto,Compound-Bitcoin,BTC,1,0.000001,0.001,COMP-BTC
gdax,COMPUSD,crypto,Compound-United States Dollar,USD,1,0.01,0.001,COMP-USD
gdax,CVCUSDC,crypto,Civic-USD Coin,USDC,1,0.000001,1,CVC-USDC
gdax,DAIUSD,crypto,Dai-United States Dollar,USD,1,0.000001,0.00001,DAI-USD
gdax,DAIUSDC,crypto,Dai-USD Coin,USDC,1,0.000001,0.00001,DAI-USDC
gdax,DASHBTC,crypto,Dash-Bitcoin,BTC,1,0.00000001,0.001,DASH-BTC
gdax,DASHUSD,crypto,Dash-United States Dollar,USD,1,0.001,0.001,DASH-USD
gdax,DNTUSDC,crypto,district0x-USD Coin,USDC,1,0.000001,1,DNT-USDC
gdax,EOSBTC,crypto,EOS-Bitcoin,BTC,1,0.000001,0.1,EOS-BTC
gdax,EOSEUR,crypto,EOS-Euro,EUR,1,0.001,0.1,EOS-EUR
gdax,EOSUSD,crypto,EOS-United States Dollar,USD,1,0.001,0.1,EOS-USD
gdax,ETCBTC,crypto,Ether Classic-Bitcoin,BTC,1,0.000001,0.00000001,ETC-BTC
gdax,ETCEUR,crypto,Ether Classic-Euro,EUR,1,0.001,0.00000001,ETC-EUR
gdax,ETCGBP,crypto,Ether Classic-British Pound,GBP,1,0.001,0.00000001,ETC-GBP
gdax,ETCUSD,crypto,Ether Classic-United States Dollar,USD,1,0.001,0.00000001,ETC-USD
gdax,ETHBTC,crypto,Ether-Bitcoin,BTC,1,0.00001,0.00000001,ETH-BTC
gdax,ETHDAI,crypto,Ether-Dai,DAI,1,0.01,0.0001,ETH-DAI
gdax,ETHEUR,crypto,Ether-Euro,EUR,1,0.01,0.00000001,ETH-EUR
gdax,ETHGBP,crypto,Ether-British Pound,GBP,1,0.01,0.00000001,ETH-GBP
gdax,ETHUSD,crypto,Ether-United States Dollar,USD,1,0.01,0.00000001,ETH-USD
gdax,ETHUSDC,crypto,Ether-USD Coin,USDC,1,0.01,0.00000001,ETH-USDC
gdax,GNTUSDC,crypto,Golem-USD Coin,USDC,1,0.000001,1,GNT-USDC
gdax,KNCBTC,crypto,Kyber Network-Bitcoin,BTC,1,0.00000001,0.1,KNC-BTC
gdax,KNCUSD,crypto,Kyber Network-United States Dollar,USD,1,0.0001,0.1,KNC-USD
gdax,LINKETH,crypto,Chainlink-Ether,ETH,1,0.00000001,0.01,LINK-ETH
gdax,LINKEUR,crypto,Chainlink-Euro,EUR,1,0.00001,0.01,LINK-EUR
gdax,LINKGBP,crypto,Chainlink-British Pound,GBP,1,0.00001,0.01,LINK-GBP
gdax,LINKUSD,crypto,Chainlink-United States Dollar,USD,1,0.00001,0.01,LINK-USD
gdax,LOOMUSDC,crypto,Loom Network-USD Coin,USDC,1,0.000001,1,LOOM-USDC
gdax,LRCUSD,crypto,Loopring-United States Dollar,USD,1,0.0001,0.000001,LRC-USD
gdax,LTCBTC,crypto,Litecoin-Bitcoin,BTC,1,0.000001,0.00000001,LTC-BTC
gdax,LTCEUR,crypto,Litecoin-Euro,EUR,1,0.01,0.00000001,LTC-EUR
gdax,LTCGBP,crypto,Litecoin-British Pound,GBP,1,0.01,0.00000001,LTC-GBP
gdax,LTCUSD,crypto,Litecoin-United States Dollar,USD,1,0.01,0.00000001,LTC-USD
gdax,MANAUSDC,crypto,Decentraland-USD Coin,USDC,1,0.000001,1,MANA-USDC
gdax,MKRBTC,crypto,Maker-Bitcoin,BTC,1,0.00001,0.000001,MKR-BTC
gdax,MKRUSD,crypto,Maker-United States Dollar,USD,1,0.0001,0.000001,MKR-USD
gdax,NMRBTC,crypto,Numeraire-Bitcoin,BTC,1,0.00000001,0.001,NMR-BTC
gdax,NMREUR,crypto,Numeraire-Euro,EUR,1,0.0001,0.001,NMR-EUR
gdax,NMRGBP,crypto,Numeraire-British Pound,GBP,1,0.0001,0.001,NMR-GBP
gdax,NMRUSD,crypto,Numeraire-United States Dollar,USD,1,0.0001,0.001,NMR-USD
gdax,OMGBTC,crypto,OMG Network-Bitcoin,BTC,1,0.00000001,0.1,OMG-BTC
gdax,OMGEUR,crypto,OMG Network-Euro,EUR,1,0.0001,0.1,OMG-EUR
gdax,OMGGBP,crypto,OMG Network-British Pound,GBP,1,0.0001,0.1,OMG-GBP
gdax,OMGUSD,crypto,OMG Network-United States Dollar,USD,1,0.0001,0.1,OMG-USD
gdax,OXTUSD,crypto,Orchid-United States Dollar,USD,1,0.0001,1,OXT-USD
gdax,REPBTC,crypto,Augur-Bitcoin,BTC,1,0.000001,0.000001,REP-BTC
gdax,REPUSD,crypto,Augur-United States Dollar,USD,1,0.01,0.000001,REP-USD
gdax,UMABTC,crypto,UMA-Bitcoin,BTC,1,0.00000001,0.001,UMA-BTC
gdax,UMAEUR,crypto,UMA-Euro,EUR,1,0.001,0.001,UMA-EUR
gdax,UMAGBP,crypto,UMA-British Pound,GBP,1,0.001,0.001,UMA-GBP
gdax,UMAUSD,crypto,UMA-United States Dollar,USD,1,0.001,0.001,UMA-USD
gdax,UNIUSD,crypto,Uniswap-United States Dollar,USD,1,0.0001,0.000001,UNI-USD
gdax,XLMBTC,crypto,Stellar-Bitcoin,BTC,1,0.00000001,1,XLM-BTC
gdax,XLMEUR,crypto,Stellar-Euro,EUR,1,0.000001,1,XLM-EUR
gdax,XLMUSD,crypto,Stellar-United States Dollar,USD,1,0.000001,1,XLM-USD
gdax,XRPBTC,crypto,XRP-Bitcoin,BTC,1,0.00000001,1,XRP-BTC
gdax,XRPEUR,crypto,XRP-Euro,EUR,1,0.0001,0.000001,XRP-EUR
gdax,XRPGBP,crypto,XRP-British Pound,GBP,1,0.0001,0.000001,XRP-GBP
gdax,XRPUSD,crypto,XRP-United States Dollar,USD,1,0.0001,0.000001,XRP-USD
gdax,XTZBTC,crypto,Tezos-Bitcoin,BTC,1,0.00000001,0.01,XTZ-BTC
gdax,XTZEUR,crypto,Tezos-Euro,EUR,1,0.00001,0.01,XTZ-EUR
gdax,XTZGBP,crypto,Tezos-British Pound,GBP,1,0.00001,0.01,XTZ-GBP
gdax,XTZUSD,crypto,Tezos-United States Dollar,USD,1,0.0001,0.01,XTZ-USD
gdax,YFIUSD,crypto,yearn.finance-United States Dollar,USD,1,0.01,0.000001,YFI-USD
gdax,ZECBTC,crypto,Zcash-Bitcoin,BTC,1,0.000001,0.0001,ZEC-BTC
gdax,ZECUSDC,crypto,Zcash-USD Coin,USDC,1,0.01,0.00000001,ZEC-USDC
gdax,ZRXBTC,crypto,0x-Bitcoin,BTC,1,0.00000001,0.00001,ZRX-BTC
gdax,ZRXEUR,crypto,0x-Euro,EUR,1,0.000001,0.00001,ZRX-EUR
gdax,ZRXUSD,crypto,0x-United States Dollar,USD,1,0.000001,0.00001,ZRX-USD

bitfinex,TESTAAATESTBBB,crypto,AAA-BBB,TESTBBB,1,0.00001,0.00000001,tAAABBB
bitfinex,ABYSSUSD,crypto,The Abyss-US Dollar,USD,1,0.00001,0.00000001,tABSUSD
bitfinex,ADABTC,crypto,Cardano ADA-Bitcoin,BTC,1,0.00001,0.00000001,tADABTC
bitfinex,ADAUSD,crypto,Cardano ADA-US Dollar,USD,1,0.00001,0.00000001,tADAUSD
bitfinex,ADAUSDT,crypto,Cardano ADA-Tether USDt,USDT,1,0.00001,0.00000001,tADAUST
bitfinex,AGIUSD,crypto,SingularityNET-US Dollar,USD,1,0.00001,0.00000001,tAGIUSD
bitfinex,AIDUSD,crypto,AidCoin-US Dollar,USD,1,0.00001,0.00000001,tAIDUSD
bitfinex,AIONUSD,crypto,Aion-US Dollar,USD,1,0.00001,0.00000001,tAIOUSD
bitfinex,ALGOBTC,crypto,Algorand-Bitcoin,BTC,1,0.00001,0.00000001,tALGBTC
bitfinex,ALGOUSD,crypto,Algorand-US Dollar,USD,1,0.00001,0.00000001,tALGUSD
bitfinex,ALGOUSDT,crypto,Algorand-Tether USDt,USDT,1,0.00001,0.00000001,tALGUST
bitfinex,AMPLBTC,crypto,Ampleforth-Bitcoin,BTC,1,0.00001,0.00000001,tAMPBTC
bitfinex,AMPLUSD,crypto,Ampleforth-US Dollar,USD,1,0.00001,0.00000001,tAMPUSD
bitfinex,AMPLUSDT,crypto,Ampleforth-Tether USDt,USDT,1,0.00001,0.00000001,tAMPUST
bitfinex,ANTBTC,crypto,Aragon-Bitcoin,BTC,1,0.00001,0.00000001,tANTBTC
bitfinex,ANTETH,crypto,Aragon-Ethereum,ETH,1,0.00001,0.00000001,tANTETH
bitfinex,ANTUSD,crypto,Aragon-US Dollar,USD,1,0.00001,0.00000001,tANTUSD
bitfinex,ASTUSD,crypto,AirSwap-US Dollar,USD,1,0.00001,0.00000001,tASTUSD
bitfinex,ATMUSD,crypto,Atonomi-US Dollar,USD,1,0.00001,0.00000001,tATMUSD
bitfinex,ATOMBTC,crypto,Cosmos-Atom-Bitcoin,BTC,1,0.00001,0.00000001,tATOBTC
bitfinex,ATOMETH,crypto,Cosmos-Atom-Ethereum,ETH,1,0.00001,0.00000001,tATOETH
bitfinex,ATOMUSD,crypto,Cosmos-Atom-US Dollar,USD,1,0.00001,0.00000001,tATOUSD
bitfinex,AUCUSD,crypto,Auctus-US Dollar,USD,1,0.00001,0.00000001,tAUCUSD
bitfinex,AVAXUSD,crypto,Avalanche-US Dollar,USD,1,0.00001,0.00000001,tAVAX:USD
bitfinex,AVAXUSDT,crypto,Avalanche-Tether USDt,USDT,1,0.00001,0.00000001,tAVAX:UST
bitfinex,AVTUSD,crypto,Aventus-US Dollar,USD,1,0.00001,0.00000001,tAVTUSD
bitfinex,BCHBTC,crypto,Bitcoin Cash-Bitcoin,BTC,1,0.00001,0.00000001,tBABBTC
bitfinex,BCHUSD,crypto,Bitcoin Cash-US Dollar,USD,1,0.00001,0.00000001,tBABUSD
bitfinex,BCHUSDT,crypto,Bitcoin Cash-Tether USDt,USDT,1,0.00001,0.00000001,tBABUST
bitfinex,BANDUSD,crypto,Band-US Dollar,USD,1,0.00001,0.00000001,tBAND:USD
bitfinex,BANDUSDT,crypto,Band-Tether USDt,USDT,1,0.00001,0.00000001,tBAND:UST
bitfinex,BATBTC,crypto,Basic Attention Token-Bitcoin,BTC,1,0.00001,0.00000001,tBATBTC
bitfinex,BATETH,crypto,Basic Attention Token-Ethereum,ETH,1,0.00001,0.00000001,tBATETH
bitfinex,BATUSD,crypto,Basic Attention Token-US Dollar,USD,1,0.00001,0.00000001,tBATUSD
bitfinex,BFTUSD,crypto,BnkToTheFuture-US Dollar,USD,1,0.00001,0.00000001,tBFTUSD
bitfinex,BNTUSD,crypto,Bancor-US Dollar,USD,1,0.00001,0.00000001,tBNTUSD
bitfinex,BOXUSD,crypto,ContentBox-US Dollar,USD,1,0.00001,0.00000001,tBOXUSD
bitfinex,BSVBTC,crypto,Bitcoin SV-Bitcoin,BTC,1,0.00001,0.00000001,tBSVBTC
bitfinex,BSVUSD,crypto,Bitcoin SV-US Dollar,USD,1,0.00001,0.00000001,tBSVUSD
bitfinex,BTCCNHT,crypto,Bitcoin-Tether CNHt,CNHT,1,0.00001,0.00000001,tBTC:CNHT
bitfinex,BTCEUR,crypto,Bitcoin-Euro,EUR,1,0.00001,0.00000001,tBTCEUR
bitfinex,BTCGBP,crypto,Bitcoin-Pound Sterling,GBP,1,0.00001,0.00000001,tBTCGBP
bitfinex,BTCJPY,crypto,Bitcoin-Japanese Yen,JPY,1,0.00001,0.00000001,tBTCJPY
bitfinex,BTCUSD,crypto,Bitcoin-US Dollar,USD,1,0.00001,0.00000001,tBTCUSD
bitfinex,BTCUSDT,crypto,Bitcoin-Tether USDt,USDT,1,0.00001,0.00000001,tBTCUST
bitfinex,BTCXCHF,crypto,Bitcoin-CryptoFranc,XCHF,1,0.00001,0.00000001,tBTCXCH
bitfinex,BTGBTC,crypto,Bitcoin Gold-Bitcoin,BTC,1,0.00001,0.00000001,tBTGBTC
bitfinex,BTGUSD,crypto,Bitcoin Gold-US Dollar,USD,1,0.00001,0.00000001,tBTGUSD
bitfinex,BTSEUSD,crypto,BTSE-US Dollar,USD,1,0.00001,0.00000001,tBTSE:USD
bitfinex,BTTBTC,crypto,BitTorrent-Bitcoin,BTC,1,0.00001,0.00000001,tBTTBTC
bitfinex,BTTUSD,crypto,BitTorrent-US Dollar,USD,1,0.00001,0.00000001,tBTTUSD
bitfinex,CBTUSD,crypto,CommerceBlock-US Dollar,USD,1,0.00001,0.00000001,tCBTUSD
bitfinex,CHZUSD,crypto,socios.com Chiliz-US Dollar,USD,1,0.00001,0.00000001,tCHZUSD
bitfinex,CHZUSDT,crypto,socios.com Chiliz-Tether USDt,USDT,1,0.00001,0.00000001,tCHZUST
bitfinex,CLOUSD,crypto,Callisto-US Dollar,USD,1,0.00001,0.00000001,tCLOUSD
bitfinex,CNDUSD,crypto,Cindicator-US Dollar,USD,1,0.00001,0.00000001,tCNDUSD
bitfinex,CNHCNHT,crypto,CNH-Tether CNHt,CNHT,1,0.00001,0.00000001,tCNH:CNHT
bitfinex,CNNUSD,crypto,Content Neutrality Network-US Dollar,USD,1,0.00001,0.00000001,tCNNUSD
bitfinex,COMPUSD,crypto,Compound-US Dollar,USD,1,0.00001,0.00000001,tCOMP:USD
bitfinex,COMPUSDT,crypto,Compound-Tether USDt,USDT,1,0.00001,0.00000001,tCOMP:UST
bitfinex,CSUSD,crypto,Credits-US Dollar,USD,1,0.00001,0.00000001,tCSXUSD
bitfinex,CTXCUSD,crypto,Cortex-US Dollar,USD,1,0.00001,0.00000001,tCTXUSD
bitfinex,DAIBTC,crypto,Dai Stablecoin-Bitcoin,BTC,1,0.00001,0.00000001,tDAIBTC
bitfinex,DAIETH,crypto,Dai Stablecoin-Ethereum,ETH,1,0.00001,0.00000001,tDAIETH
bitfinex,DAIUSD,crypto,Dai Stablecoin-US Dollar,USD,1,0.00001,0.00000001,tDAIUSD
bitfinex,DATABTC,crypto,Streamr-Bitcoin,BTC,1,0.00001,0.00000001,tDATBTC
bitfinex,DATAETH,crypto,Streamr-Ethereum,ETH,1,0.00001,0.00000001,tDATETH
bitfinex,DATAUSD,crypto,Streamr-US Dollar,USD,1,0.00001,0.00000001,tDATUSD
bitfinex,DGBBTC,crypto,Digibyte-Bitcoin,BTC,1,0.00001,0.00000001,tDGBBTC
bitfinex,DGBUSD,crypto,Digibyte-US Dollar,USD,1,0.00001,0.00000001,tDGBUSD
bitfinex,DGXUSD,crypto,Digix Gold Token-US Dollar,USD,1,0.00001,0.00000001,tDGXUSD
bitfinex,MDOGEBTC,crypto,MegaDOGE-Bitcoin,BTC,1,0.00001,0.00000001,tDOGBTC
bitfinex,MDOGEUSD,crypto,MegaDOGE-US Dollar,USD,1,0.00001,0.00000001,tDOGUSD
bitfinex,MDOGEUSDT,crypto,MegaDOGE-Tether USDt,USDT,1,0.00001,0.00000001,tDOGUST
bitfinex,DOTUSD,crypto,Polkadot-US Dollar,USD,1,0.00001,0.00000001,tDOTUSD
bitfinex,DOTUSDT,crypto,Polkadot-Tether USDt,USDT,1,0.00001,0.00000001,tDOTUST
bitfinex,DRGNUSD,crypto,Dragonchain-US Dollar,USD,1,0.00001,0.00000001,tDRNUSD
bitfinex,DASHBTC,crypto,Dash-Bitcoin,BTC,1,0.00001,0.00000001,tDSHBTC
bitfinex,DASHUSD,crypto,Dash-US Dollar,USD,1,0.00001,0.00000001,tDSHUSD
bitfinex,DTAUSD,crypto,Data-US Dollar,USD,1,0.00001,0.00000001,tDTAUSD
bitfinex,DTHUSD,crypto,Dether-US Dollar,USD,1,0.00001,0.00000001,tDTHUSD
bitfinex,DTUSD,crypto,DragonToken-US Dollar,USD,1,0.00001,0.00000001,tDTXUSD
bitfinex,DUSKBTC,crypto,Dusk Network-Bitcoin,BTC,1,0.00001,0.00000001,tDUSK:BTC
bitfinex,DUSKUSD,crypto,Dusk Network-US Dollar,USD,1,0.00001,0.00000001,tDUSK:USD
bitfinex,PNTBTC,crypto,pNetwork-Bitcoin,BTC,1,0.00001,0.00000001,tEDOBTC
bitfinex,PNTETH,crypto,pNetwork-Ethereum,ETH,1,0.00001,0.00000001,tEDOETH
bitfinex,PNTUSD,crypto,pNetwork-US Dollar,USD,1,0.00001,0.00000001,tEDOUSD
bitfinex,EGLDUSD,crypto,Elrond-US Dollar,USD,1,0.00001,0.00000001,tEGLD:USD
bitfinex,EGLDUSDT,crypto,Elrond-Tether USDt,USDT,1,0.00001,0.00000001,tEGLD:UST
bitfinex,ELFUSD,crypto,aelf-US Dollar,USD,1,0.00001,0.00000001,tELFUSD
bitfinex,ENJUSD,crypto,Enjin-US Dollar,USD,1,0.00001,0.00000001,tENJUSD
bitfinex,EOSBTC,crypto,EOS-Bitcoin,BTC,1,0.00001,0.00000001,tEOSBTC
bitfinex,EOSETH,crypto,EOS-Ethereum,ETH,1,0.00001,0.00000001,tEOSETH
bitfinex,EOSEUR,crypto,EOS-Euro,EUR,1,0.00001,0.00000001,tEOSEUR
bitfinex,EOSGBP,crypto,EOS-Pound Sterling,GBP,1,0.00001,0.00000001,tEOSGBP
bitfinex,EOSJPY,crypto,EOS-Japanese Yen,JPY,1,0.00001,0.00000001,tEOSJPY
bitfinex,EOSUSD,crypto,EOS-US Dollar,USD,1,0.00001,0.00000001,tEOSUSD
bitfinex,EOSUSDT,crypto,EOS-Tether USDt,USDT,1,0.00001,0.00000001,tEOSUST
bitfinex,ESSUSD,crypto,Essentia-US Dollar,USD,1,0.00001,0.00000001,tESSUSD
bitfinex,ETCBTC,crypto,Ethereum Classic-Bitcoin,BTC,1,0.00001,0.00000001,tETCBTC
bitfinex,ETCUSD,crypto,Ethereum Classic-US Dollar,USD,1,0.00001,0.00000001,tETCUSD
bitfinex,ETHBTC,crypto,Ethereum-Bitcoin,BTC,1,0.00001,0.00000001,tETHBTC
bitfinex,ETHEUR,crypto,Ethereum-Euro,EUR,1,0.00001,0.00000001,tETHEUR
bitfinex,ETHGBP,crypto,Ethereum-Pound Sterling,GBP,1,0.00001,0.00000001,tETHGBP
bitfinex,ETHJPY,crypto,Ethereum-Japanese Yen,JPY,1,0.00001,0.00000001,tETHJPY
bitfinex,ETHUSD,crypto,Ethereum-US Dollar,USD,1,0.00001,0.00000001,tETHUSD
bitfinex,ETHUSDT,crypto,Ethereum-Tether USDt,USDT,1,0.00001,0.00000001,tETHUST
bitfinex,ETPBTC,crypto,ETP-Bitcoin,BTC,1,0.00001,0.00000001,tETPBTC
bitfinex,ETPETH,crypto,ETP-Ethereum,ETH,1,0.00001,0.00000001,tETPETH
bitfinex,ETPUSD,crypto,ETP-US Dollar,USD,1,0.00001,0.00000001,tETPUSD
bitfinex,EURSUSD,crypto,EURS-US Dollar,USD,1,0.00001,0.00000001,tEUSUSD
bitfinex,EURTEUR,crypto,Tether EURt-Euro,EUR,1,0.00001,0.00000001,tEUTEUR
bitfinex,EURTUSD,crypto,Tether EURt-US Dollar,USD,1,0.00001,0.00000001,tEUTUSD
bitfinex,EVTUSD,crypto,Ethfinex Voting Token-US Dollar,USD,1,0.00001,0.00000001,tEVTUSD
bitfinex,FETUSD,crypto,Fetch.AI-US Dollar,USD,1,0.00001,0.00000001,tFETUSD
bitfinex,FETUSDT,crypto,Fetch.AI-Tether USDt,USDT,1,0.00001,0.00000001,tFETUST
bitfinex,FOAUSD,crypto,FOAM-US Dollar,USD,1,0.00001,0.00000001,tFOAUSD
bitfinex,FSNUSD,crypto,Fusion-US Dollar,USD,1,0.00001,0.00000001,tFSNUSD
bitfinex,FTTUSD,crypto,FTX.com-US Dollar,USD,1,0.00001,0.00000001,tFTTUSD
bitfinex,FTTUSDT,crypto,FTX.com-Tether USDt,USDT,1,0.00001,0.00000001,tFTTUST
bitfinex,FUNETH,crypto,FunFair-Ethereum,ETH,1,0.00001,0.00000001,tFUNETH
bitfinex,FUNUSD,crypto,FunFair-US Dollar,USD,1,0.00001,0.00000001,tFUNUSD
bitfinex,GENUSD,crypto,DAOstack-US Dollar,USD,1,0.00001,0.00000001,tGENUSD
bitfinex,GNOUSD,crypto,Gnosis-US Dollar,USD,1,0.00001,0.00000001,tGNOUSD
bitfinex,GNTBTC,crypto,Golem-Bitcoin,BTC,1,0.00001,0.00000001,tGNTBTC
bitfinex,GNTETH,crypto,Golem-Ethereum,ETH,1,0.00001,0.00000001,tGNTETH
bitfinex,GNTUSD,crypto,Golem-US Dollar,USD,1,0.00001,0.00000001,tGNTUSD
bitfinex,GOTEUR,crypto,ParkinGO-Euro,EUR,1,0.00001,0.00000001,tGOTEUR
bitfinex,GOTUSD,crypto,ParkinGO-US Dollar,USD,1,0.00001,0.00000001,tGOTUSD
bitfinex,GUSDUSD,crypto,GUSD-US Dollar,USD,1,0.00001,0.00000001,tGSDUSD
bitfinex,GTXUSD,crypto,Gate.IO-US Dollar,USD,1,0.00001,0.00000001,tGTXUSD
bitfinex,GTXUSDT,crypto,Gate.IO-Tether USDt,USDT,1,0.00001,0.00000001,tGTXUST
bitfinex,HOTUSD,crypto,Hydro Protocol-US Dollar,USD,1,0.00001,0.00000001,tHOTUSD
bitfinex,IMPUSD,crypto,Ether Kingdoms-US Dollar,USD,1,0.00001,0.00000001,tIMPUSD
bitfinex,IOSTUSD,crypto,IOSToken-US Dollar,USD,1,0.00001,0.00000001,tIOSUSD
bitfinex,IOTABTC,crypto,Iota-Bitcoin,BTC,1,0.00001,0.00000001,tIOTBTC
bitfinex,IOTAETH,crypto,Iota-Ethereum,ETH,1,0.00001,0.00000001,tIOTETH
bitfinex,IOTAEUR,crypto,Iota-Euro,EUR,1,0.00001,0.00000001,tIOTEUR
bitfinex,IOTAGBP,crypto,Iota-Pound Sterling,GBP,1,0.00001,0.00000001,tIOTGBP
bitfinex,IOTAJPY,crypto,Iota-Japanese Yen,JPY,1,0.00001,0.00000001,tIOTJPY
bitfinex,IOTAUSD,crypto,Iota-US Dollar,USD,1,0.00001,0.00000001,tIOTUSD
bitfinex,IQXEOS,crypto,Everipedia-EOS,EOS,1,0.00001,0.00000001,tIQXEOS
bitfinex,IQXUSD,crypto,Everipedia-US Dollar,USD,1,0.00001,0.00000001,tIQXUSD
bitfinex,KANUSD,crypto,BitKan-US Dollar,USD,1,0.00001,0.00000001,tKANUSD
bitfinex,KANUSDT,crypto,BitKan-Tether USDt,USDT,1,0.00001,0.00000001,tKANUST
bitfinex,KNCBTC,crypto,Kyber-Bitcoin,BTC,1,0.00001,0.00000001,tKNCBTC
bitfinex,KNCUSD,crypto,Kyber-US Dollar,USD,1,0.00001,0.00000001,tKNCUSD
bitfinex,KSMUSD,crypto,Kusama-US Dollar,USD,1,0.00001,0.00000001,tKSMUSD
bitfinex,KSMUSDT,crypto,Kusama-Tether USDt,USDT,1,0.00001,0.00000001,tKSMUST
bitfinex,LEOBTC,crypto,Unus Sed LEO-Bitcoin,BTC,1,0.00001,0.00000001,tLEOBTC
bitfinex,LEOEOS,crypto,Unus Sed LEO-EOS,EOS,1,0.00001,0.00000001,tLEOEOS
bitfinex,LEOETH,crypto,Unus Sed LEO-Ethereum,ETH,1,0.00001,0.00000001,tLEOETH
bitfinex,LEOUSD,crypto,Unus Sed LEO-US Dollar,USD,1,0.00001,0.00000001,tLEOUSD
bitfinex,LEOUSDT,crypto,Unus Sed LEO-Tether USDt,USDT,1,0.00001,0.00000001,tLEOUST
bitfinex,LINKUSD,crypto,ChainLink-US Dollar,USD,1,0.00001,0.00000001,tLINK:USD
bitfinex,LINKUSDT,crypto,ChainLink-Tether USDt,USDT,1,0.00001,0.00000001,tLINK:UST
bitfinex,LOOUSD,crypto,Loom-US Dollar,USD,1,0.00001,0.00000001,tLOOUSD
bitfinex,LRCBTC,crypto,Loopring-Bitcoin,BTC,1,0.00001,0.00000001,tLRCBTC
bitfinex,LRCUSD,crypto,Loopring-US Dollar,USD,1,0.00001,0.00000001,tLRCUSD
bitfinex,LTCBTC,crypto,Litecoin-Bitcoin,BTC,1,0.00001,0.00000001,tLTCBTC
bitfinex,LTCUSD,crypto,Litecoin-US Dollar,USD,1,0.00001,0.00000001,tLTCUSD
bitfinex,LTCUSDT,crypto,Litecoin-Tether USDt,USDT,1,0.00001,0.00000001,tLTCUST
bitfinex,LYMUSD,crypto,Lympo-US Dollar,USD,1,0.00001,0.00000001,tLYMUSD
bitfinex,MANUSD,crypto,Matrix-US Dollar,USD,1,0.00001,0.00000001,tMANUSD
bitfinex,MGOUSD,crypto,MobileGo-US Dollar,USD,1,0.00001,0.00000001,tMGOUSD
bitfinex,MITHUSD,crypto,Mithril-US Dollar,USD,1,0.00001,0.00000001,tMITUSD
bitfinex,MKRBTC,crypto,Maker-Bitcoin,BTC,1,0.00001,0.00000001,tMKRBTC
bitfinex,MKRETH,crypto,Maker-Ethereum,ETH,1,0.00001,0.00000001,tMKRETH
bitfinex,MKRUSD,crypto,Maker-US Dollar,USD,1,0.00001,0.00000001,tMKRUSD
bitfinex,MLNUSD,crypto,Melon-US Dollar,USD,1,0.00001,0.00000001,tMLNUSD
bitfinex,MANABTC,crypto,Decentraland-Bitcoin,BTC,1,0.00001,0.00000001,tMNABTC
bitfinex,MANAUSD,crypto,Decentraland-US Dollar,USD,1,0.00001,0.00000001,tMNAUSD
bitfinex,MTNUSD,crypto,Medicalchain-US Dollar,USD,1,0.00001,0.00000001,tMTNUSD
bitfinex,NCASHUSD,crypto,Nucleus Vision-US Dollar,USD,1,0.00001,0.00000001,tNCAUSD
bitfinex,NECETH,crypto,Ethfinex Nectar Token-Ethereum,ETH,1,0.00001,0.00000001,tNECETH
bitfinex,NECUSD,crypto,Ethfinex Nectar Token-US Dollar,USD,1,0.00001,0.00000001,tNECUSD
bitfinex,NEOBTC,crypto,NEO-Bitcoin,BTC,1,0.00001,0.00000001,tNEOBTC
bitfinex,NEOETH,crypto,NEO-Ethereum,ETH,1,0.00001,0.00000001,tNEOETH
bitfinex,NEOEUR,crypto,NEO-Euro,EUR,1,0.00001,0.00000001,tNEOEUR
bitfinex,NEOGBP,crypto,NEO-Pound Sterling,GBP,1,0.00001,0.00000001,tNEOGBP
bitfinex,NEOJPY,crypto,NEO-Japanese Yen,JPY,1,0.00001,0.00000001,tNEOJPY
bitfinex,NEOUSD,crypto,NEO-US Dollar,USD,1,0.00001,0.00000001,tNEOUSD
bitfinex,ODEUSD,crypto,Odem-US Dollar,USD,1,0.00001,0.00000001,tODEUSD
bitfinex,OKBUSD,crypto,OKB-US Dollar,USD,1,0.00001,0.00000001,tOKBUSD
bitfinex,OKBUSDT,crypto,OKB-Tether USDt,USDT,1,0.00001,0.00000001,tOKBUST
bitfinex,OMGBTC,crypto,OmiseGO-Bitcoin,BTC,1,0.00001,0.00000001,tOMGBTC
bitfinex,OMGETH,crypto,OmiseGO-Ethereum,ETH,1,0.00001,0.00000001,tOMGETH
bitfinex,OMGUSD,crypto,OmiseGO-US Dollar,USD,1,0.00001,0.00000001,tOMGUSD
bitfinex,OMNIBTC,crypto,Omni-Bitcoin,BTC,1,0.00001,0.00000001,tOMNBTC
bitfinex,OMNIUSD,crypto,Omni-US Dollar,USD,1,0.00001,0.00000001,tOMNUSD
bitfinex,ONLUSD,crypto,On.Live-US Dollar,USD,1,0.00001,0.00000001,tONLUSD
bitfinex,ORSUSD,crypto,ORS-US Dollar,USD,1,0.00001,0.00000001,tORSUSD
bitfinex,PAIUSD,crypto,PAI Project-US Dollar,USD,1,0.00001,0.00000001,tPAIUSD
bitfinex,PASSUSD,crypto,Blockpass-US Dollar,USD,1,0.00001,0.00000001,tPASUSD
bitfinex,PAXUSD,crypto,Paxos-US Dollar,USD,1,0.00001,0.00000001,tPAXUSD
bitfinex,PAXUSDT,crypto,Paxos-Tether USDt,USDT,1,0.00001,0.00000001,tPAXUST
bitfinex,PNKETH,crypto,Kleros-Ethereum,ETH,1,0.00001,0.00000001,tPNKETH
bitfinex,PNKUSD,crypto,Kleros-US Dollar,USD,1,0.00001,0.00000001,tPNKUSD
bitfinex,POAUSD,crypto,POA Network (erc20)-US Dollar,USD,1,0.00001,0.00000001,tPOAUSD
bitfinex,POLYUSD,crypto,Polymath-US Dollar,USD,1,0.00001,0.00000001,tPOYUSD
bitfinex,QASHUSD,crypto,QASH-US Dollar,USD,1,0.00001,0.00000001,tQSHUSD
bitfinex,QTUMBTC,crypto,Qtum-Bitcoin,BTC,1,0.00001,0.00000001,tQTMBTC
bitfinex,QTUMUSD,crypto,Qtum-US Dollar,USD,1,0.00001,0.00000001,tQTMUSD
bitfinex,RBTCBTC,crypto,RBTC-Bitcoin,BTC,1,0.00001,0.00000001,tRBTBTC
bitfinex,RBTCUSD,crypto,RBTC-US Dollar,USD,1,0.00001,0.00000001,tRBTUSD
bitfinex,RCNUSD,crypto,RCN-US Dollar,USD,1,0.00001,0.00000001,tRCNUSD
bitfinex,RDNUSD,crypto,Raiden-US Dollar,USD,1,0.00001,0.00000001,tRDNUSD
bitfinex,REP2BTC,crypto,Augur-Bitcoin,BTC,1,0.00001,0.00000001,tREPBTC
bitfinex,REP2USD,crypto,Augur-US Dollar,USD,1,0.00001,0.00000001,tREPUSD
bitfinex,REQUSD,crypto,Request Network-US Dollar,USD,1,0.00001,0.00000001,tREQUSD
bitfinex,RIFBTC,crypto,RIF-Bitcoin,BTC,1,0.00001,0.00000001,tRIFBTC
bitfinex,RIFUSD,crypto,RIF-US Dollar,USD,1,0.00001,0.00000001,tRIFUSD
bitfinex,RINGXUSD,crypto,RingX-US Dollar,USD,1,0.00001,0.00000001,tRINGX:USD
bitfinex,RLCBTC,crypto,iExec-Bitcoin,BTC,1,0.00001,0.00000001,tRLCBTC
bitfinex,RLCUSD,crypto,iExec-US Dollar,USD,1,0.00001,0.00000001,tRLCUSD
bitfinex,RRBUSD,crypto,RenrenBit-US Dollar,USD,1,0.00001,0.00000001,tRRBUSD
bitfinex,RRBUSDT,crypto,RenrenBit-Tether USDt,USDT,1,0.00001,0.00000001,tRRBUST
bitfinex,RRTUSD,crypto,Recovery Right Tokens-US Dollar,USD,1,0.00001,0.00000001,tRRTUSD
bitfinex,RTEUSD,crypto,Rate3-US Dollar,USD,1,0.00001,0.00000001,tRTEUSD
bitfinex,SANBTC,crypto,Santiment-Bitcoin,BTC,1,0.00001,0.00000001,tSANBTC
bitfinex,SANETH,crypto,Santiment-Ethereum,ETH,1,0.00001,0.00000001,tSANETH
bitfinex,SANUSD,crypto,Santiment-US Dollar,USD,1,0.00001,0.00000001,tSANUSD
bitfinex,XDUSD,crypto,Data Transaction Token-US Dollar,USD,1,0.00001,0.00000001,tSCRUSD
bitfinex,SEEUSD,crypto,Seer-US Dollar,USD,1,0.00001,0.00000001,tSEEUSD
bitfinex,SNGLSUSD,crypto,SingularDTV-US Dollar,USD,1,0.00001,0.00000001,tSNGUSD
bitfinex,SNTBTC,crypto,Status-Bitcoin,BTC,1,0.00001,0.00000001,tSNTBTC
bitfinex,SNTUSD,crypto,Status-US Dollar,USD,1,0.00001,0.00000001,tSNTUSD
bitfinex,SPANKUSD,crypto,SpankChain-US Dollar,USD,1,0.00001,0.00000001,tSPKUSD
bitfinex,STORJUSD,crypto,Storj-US Dollar,USD,1,0.00001,0.00000001,tSTJUSD
bitfinex,SWMUSD,crypto,Swarm-US Dollar,USD,1,0.00001,0.00000001,tSWMUSD
bitfinex,TESTBTCTESTUSD,crypto,TESTBTC-TESTUSD,TESTUSD,1,0.00001,0.00000001,tTESTBTC:TESTUSD
bitfinex,TESTBTCTESTUSDT,crypto,TESTBTC-TESTUSDT,TESTUSDT,1,0.00001,0.00000001,tTESTBTC:TESTUSDT
bitfinex,TKNUSD,crypto,TokenCard-US Dollar,USD,1,0.00001,0.00000001,tTKNUSD
bitfinex,TNBBTC,crypto,Time New Bank-Bitcoin,BTC,1,0.00001,0.00000001,tTNBBTC
bitfinex,TNBUSD,crypto,Time New Bank-US Dollar,USD,1,0.00001,0.00000001,tTNBUSD
bitfinex,TRIUSD,crypto,Tripio-US Dollar,USD,1,0.00001,0.00000001,tTRIUSD
bitfinex,TRXBTC,crypto,TRON-Bitcoin,BTC,1,0.00001,0.00000001,tTRXBTC
bitfinex,TRXETH,crypto,TRON-Ethereum,ETH,1,0.00001,0.00000001,tTRXETH
bitfinex,TRXEUR,crypto,TRON-Euro,EUR,1,0.00001,0.00000001,tTRXEUR
bitfinex,TRXGBP,crypto,TRON-Pound Sterling,GBP,1,0.00001,0.00000001,tTRXGBP
bitfinex,TRXUSD,crypto,TRON-US Dollar,USD,1,0.00001,0.00000001,tTRXUSD
bitfinex,TUSDUSD,crypto,TrueUSD-US Dollar,USD,1,0.00001,0.00000001,tTSDUSD
bitfinex,TUSDUSDT,crypto,TrueUSD-Tether USDt,USDT,1,0.00001,0.00000001,tTSDUST
bitfinex,USDCUSD,crypto,USDc-US Dollar,USD,1,0.00001,0.00000001,tUDCUSD
bitfinex,USDCUSDT,crypto,USDc-Tether USDt,USDT,1,0.00001,0.00000001,tUDCUST
bitfinex,UFRUSD,crypto,Upfiring-US Dollar,USD,1,0.00001,0.00000001,tUFRUSD
bitfinex,UNIUSD,crypto,Uniswap-US Dollar,USD,1,0.00001,0.00000001,tUNIUSD
bitfinex,UNIUSDT,crypto,Uniswap-Tether USDt,USDT,1,0.00001,0.00000001,tUNIUST
bitfinex,UOSBTC,crypto,Ultra-Bitcoin,BTC,1,0.00001,0.00000001,tUOSBTC
bitfinex,UOSUSD,crypto,Ultra-US Dollar,USD,1,0.00001,0.00000001,tUOSUSD
bitfinex,USDKUSD,crypto,USDk-US Dollar,USD,1,0.00001,0.00000001,tUSKUSD
bitfinex,USDTCNHT,crypto,Tether USDt-Tether CNHt,CNHT,1,0.00001,0.00000001,tUST:CNHT
bitfinex,USDTUSD,crypto,Tether USDt-US Dollar,USD,1,0.00001,0.00000001,tUSTUSD
bitfinex,UTKUSD,crypto,UTRUST-US Dollar,USD,1,0.00001,0.00000001,tUTKUSD
bitfinex,UTNPUSD,crypto,Universa-US Dollar,USD,1,0.00001,0.00000001,tUTNUSD
bitfinex,VEEUSD,crypto,BLOCKv-US Dollar,USD,1,0.00001,0.00000001,tVEEUSD
bitfinex,VETBTC,crypto,VeChain-Bitcoin,BTC,1,0.00001,0.00000001,tVETBTC
bitfinex,VETUSD,crypto,VeChain-US Dollar,USD,1,0.00001,0.00000001,tVETUSD
bitfinex,VLDUSD,crypto,Vetri-US Dollar,USD,1,0.00001,0.00000001,tVLDUSD
bitfinex,VSYSBTC,crypto,V-SYSTEMS-Bitcoin,BTC,1,0.00001,0.00000001,tVSYBTC
bitfinex,VSYSUSD,crypto,V-SYSTEMS-US Dollar,USD,1,0.00001,0.00000001,tVSYUSD
bitfinex,WAXBTC,crypto,WAX-Bitcoin,BTC,1,0.00001,0.00000001,tWAXBTC
bitfinex,WAXUSD,crypto,WAX-US Dollar,USD,1,0.00001,0.00000001,tWAXUSD
bitfinex,WBTCETH,crypto,Wrapped Bitcoin-Ethereum,ETH,1,0.00001,0.00000001,tWBTETH
bitfinex,WBTCUSD,crypto,Wrapped Bitcoin-US Dollar,USD,1,0.00001,0.00000001,tWBTUSD
bitfinex,WLOUSD,crypto,WLO-US Dollar,USD,1,0.00001,0.00000001,tWLOUSD
bitfinex,WPRUSD,crypto,WePower-US Dollar,USD,1,0.00001,0.00000001,tWPRUSD
bitfinex,WTCUSD,crypto,Walton-US Dollar,USD,1,0.00001,0.00000001,tWTCUSD
bitfinex,XAUTBTC,crypto,Tether XAUt-Bitcoin,BTC,1,0.00001,0.00000001,tXAUT:BTC
bitfinex,XAUTUSD,crypto,Tether XAUt-US Dollar,USD,1,0.00001,0.00000001,tXAUT:USD
bitfinex,XAUTUSDT,crypto,Tether XAUt-Tether USDt,USDT,1,0.00001,0.00000001,tXAUT:UST
bitfinex,XCHFETH,crypto,CryptoFranc-Ethereum,ETH,1,0.00001,0.00000001,tXCHETH
bitfinex,XCHFUSD,crypto,CryptoFranc-US Dollar,USD,1,0.00001,0.00000001,tXCHUSD
bitfinex,XLMBTC,crypto,Stellar Lumen-Bitcoin,BTC,1,0.00001,0.00000001,tXLMBTC
bitfinex,XLMETH,crypto,Stellar Lumen-Ethereum,ETH,1,0.00001,0.00000001,tXLMETH
bitfinex,XLMEUR,crypto,Stellar Lumen-Euro,EUR,1,0.00001,0.00000001,tXLMEUR
bitfinex,XLMGBP,crypto,Stellar Lumen-Pound Sterling,GBP,1,0.00001,0.00000001,tXLMGBP
bitfinex,XLMUSD,crypto,Stellar Lumen-US Dollar,USD,1,0.00001,0.00000001,tXLMUSD
bitfinex,XMRBTC,crypto,Monero-Bitcoin,BTC,1,0.00001,0.00000001,tXMRBTC
bitfinex,XMRUSD,crypto,Monero-US Dollar,USD,1,0.00001,0.00000001,tXMRUSD
bitfinex,XRAUSD,crypto,Xriba-US Dollar,USD,1,0.00001,0.00000001,tXRAUSD
bitfinex,XRPBTC,crypto,Ripple-Bitcoin,BTC,1,0.00001,0.00000001,tXRPBTC
bitfinex,XRPUSD,crypto,Ripple-US Dollar,USD,1,0.00001,0.00000001,tXRPUSD
bitfinex,XTZBTC,crypto,Tezos-Bitcoin,BTC,1,0.00001,0.00000001,tXTZBTC
bitfinex,XTZUSD,crypto,Tezos-US Dollar,USD,1,0.00001,0.00000001,tXTZUSD
bitfinex,XVGBTC,crypto,Verge-Bitcoin,BTC,1,0.00001,0.00000001,tXVGBTC
bitfinex,XVGUSD,crypto,Verge-US Dollar,USD,1,0.00001,0.00000001,tXVGUSD
bitfinex,YEEDUSD,crypto,Yggdrash-US Dollar,USD,1,0.00001,0.00000001,tYGGUSD
bitfinex,YOYOWUSD,crypto,YOYOW-US Dollar,USD,1,0.00001,0.00000001,tYYWUSD
bitfinex,ZBTUSD,crypto,ZB Token-US Dollar,USD,1,0.00001,0.00000001,tZBTUSD
bitfinex,ZCNUSD,crypto,0Chain-US Dollar,USD,1,0.00001,0.00000001,tZCNUSD
bitfinex,ZECBTC,crypto,Zcash-Bitcoin,BTC,1,0.00001,0.00000001,tZECBTC
bitfinex,ZECUSD,crypto,Zcash-US Dollar,USD,1,0.00001,0.00000001,tZECUSD
bitfinex,ZILUSD,crypto,Zilliqa-US Dollar,USD,1,0.00001,0.00000001,tZILUSD
bitfinex,ZRXBTC,crypto,0x-Bitcoin,BTC,1,0.00001,0.00000001,tZRXBTC
bitfinex,ZRXETH,crypto,0x-Ethereum,ETH,1,0.00001,0.00000001,tZRXETH
bitfinex,ZRXUSD,crypto,0x-US Dollar,USD,1,0.00001,0.00000001,tZRXUSD
